{"<function sarimax_model at 0x7f16ebc192f0>":{"0":2893.3046769809,"1":2959.6176151195,"2":3059.5703594224,"3":3178.9442939306,"4":3190.0608170004,"5":3062.8150890819,"6":2802.040743152,"7":3599.1570826314,"8":3859.4334453068,"9":3593.0,"10":3476.8333333333,"11":3461.6666666667,"12":3530.1666666667,"13":3578.3333333333,"14":3319.1666666667,"15":3448.6666666667,"16":3626.1666666667,"17":3711.6666666667,"18":3833.6666666667,"19":4212.0292572156,"20":3888.1472409338,"21":2645.2287322566,"22":2314.1666666667,"23":2080.0}}