{"<function sarimax_model at 0x7f94d437dae8>":{"0":2281.3798138773,"1":1964.0373554019,"2":1849.0736425417,"3":1835.3874635904,"4":1857.5253028049,"5":2002.6515313799,"6":2490.9757820854,"7":3778.4598920031,"8":4109.3542503708,"9":3858.1424095005,"10":3705.2216142436,"11":3461.6666666667,"12":3530.1666666667,"13":3578.3333333333,"14":3319.1666666667,"15":3448.6666666667,"16":3626.1666666667,"17":3711.6666666667,"18":3833.6666666667,"19":4768.9510995541,"20":4535.4139768373,"21":3229.1505485986,"22":2465.0249265026,"23":2136.6345981457}}