{"<function sarimax_model at 0x7f16ebc192f0>":{"0":2171.3022735778,"1":1770.1555232287,"2":1706.8675291603,"3":1808.6032723713,"4":1920.2836968635,"5":2047.4242719373,"6":2428.0873892329,"7":3628.8666934501,"8":3919.1104419674,"9":3698.0584119006,"10":3610.9870091849,"11":3461.6666666667,"12":3530.1666666667,"13":3578.3333333333,"14":3319.1666666667,"15":3448.6666666667,"16":3626.1666666667,"17":3711.6666666667,"18":3833.6666666667,"19":4545.7840667895,"20":4258.4913119509,"21":2970.9069837865,"22":2314.1666666667,"23":2080.0}}