{"<function sarimax_model at 0x7f16ebc192f0>":{"0":2288.9020351449,"1":1858.9018467011,"2":1673.5,"3":1699.8333333333,"4":1745.5,"5":1901.1666666667,"6":2402.3333333333,"7":3377.3333333333,"8":3691.8333333333,"9":3593.0,"10":3476.8333333333,"11":3461.6666666667,"12":3530.1666666667,"13":3578.3333333333,"14":3319.1666666667,"15":3567.3933227932,"16":3838.5745199425,"17":3841.6535313617,"18":3833.6666666667,"19":4195.5,"20":3833.8648372343,"21":2601.3268031341,"22":2314.1666666667,"23":2080.0}}