{"<function sarimax_model at 0x1c201a8378>":{"0":1674.3767522504,"1":1896.4604686269,"2":2660.8503598673,"3":3564.4175663226,"4":4512.1372963389,"5":5072.5031942788,"6":4551.5889431459,"7":4227.476937547,"8":4431.2632248111,"9":4202.5397658131,"10":4047.5938571159,"11":3982.8955198923,"12":3963.7283792269,"13":3904.3182905311,"14":3469.358990206,"15":3463.292465963,"16":3616.5774381682,"17":3682.0755636433,"18":3523.4314599773,"19":3818.5876864857,"20":4308.7602559492,"21":3831.1585649683,"22":2331.6752918375,"23":2273.5194673885}}