{"<function sarimax_model at 0x7f16ebc192f0>":{"0":2297.9933513499,"1":1953.7096300255,"2":1834.9503634636,"3":1818.1378346213,"4":1848.093675523,"5":1984.2765717812,"6":2402.3333333333,"7":3560.7395132082,"8":3857.5966510746,"9":3606.2802342135,"10":3476.8333333333,"11":3461.6666666667,"12":3530.1666666667,"13":3578.3333333333,"14":3319.1666666667,"15":3448.6666666667,"16":3626.1666666667,"17":3711.6666666667,"18":3833.6666666667,"19":4538.4337990919,"20":4305.8730637178,"21":3008.6415814175,"22":2314.1666666667,"23":2080.0}}