{"<function sarimax_model at 0x122570ae8>":{"0":1967.7290079039,"1":1819.6396016573,"2":1818.8003473231,"3":1964.224394878,"4":1951.5666855012,"5":1930.741871624,"6":2616.7425408767,"7":3829.8924698807,"8":4610.4245631993,"9":4606.8396790833,"10":4519.1777229937,"11":4593.9497979746,"12":4677.172919706,"13":4647.6492491178,"14":4432.8147550664,"15":4280.0310811607,"16":4108.0981825196,"17":3831.7360411968,"18":3524.7482205055,"19":3668.4792438851,"20":3748.1829051083,"21":3245.9854202377,"22":2510.4616029403,"23":1870.9441009033}}