{"<function sarimax_model at 0x1c201a8378>":{"0":1666.0034008488,"1":1708.9292142515,"2":2016.9621336193,"3":2235.139794201,"4":2340.4082933834,"5":2148.9025552535,"6":2424.9578264416,"7":4688.7296102258,"8":6668.92863938,"9":8041.4800393475,"10":8759.5746735405,"11":8988.1549955062,"12":8889.0402630125,"13":8771.458329715,"14":7943.9712568533,"15":7193.4744008958,"16":6811.1775137581,"17":6650.2723563112,"18":6590.0461611082,"19":7541.5727717053,"20":8690.2549981125,"21":8635.9002685607,"22":6739.2759686245,"23":4395.7640510614}}