{"<function sarimax_model at 0x7f94d437dae8>":{"0":2256.2305245952,"1":1910.0945681741,"2":1797.6262093229,"3":1789.7598836978,"4":1818.8400969868,"5":1969.9126372577,"6":2478.6005994073,"7":3812.0968639054,"8":4163.1948523189,"9":3910.7829322782,"10":3746.5273003845,"11":3461.6666666667,"12":3530.1666666667,"13":3578.3333333333,"14":3319.1666666667,"15":3448.6666666667,"16":3626.1666666667,"17":3711.6666666667,"18":3833.6666666667,"19":4841.493278171,"20":4610.2925371632,"21":3301.9334518517,"22":2525.464280282,"23":2180.8724172099}}