{"<function sarimax_model at 0x7f16ebc192f0>":{"0":2210.7088635441,"1":1779.6166538788,"2":1673.5,"3":1743.2964315214,"4":1745.5,"5":1901.1666666667,"6":2402.3333333333,"7":3510.521612395,"8":3903.3810520394,"9":3672.4613567604,"10":3519.788354739,"11":3461.6666666667,"12":3530.1666666667,"13":3578.3333333333,"14":3319.1666666667,"15":3448.6666666667,"16":3626.1666666667,"17":3711.6666666667,"18":3833.6666666667,"19":4368.8676678441,"20":4180.5660224137,"21":2912.2834608816,"22":2314.1666666667,"23":2080.0}}