{"<function sarimax_model at 0x7f4378387a60>":{"0":2399.3855951549,"1":2096.1127557466,"2":1990.1918745505,"3":2036.7353225871,"4":2037.8404011176,"5":2152.9363501096,"6":2707.5890378588,"7":3993.5698709767,"8":4375.1305496713,"9":4150.0560826811,"10":3964.0150256756,"11":3823.6937933099,"12":3783.6105413865,"13":3775.4697241324,"14":3479.9873193215,"15":3681.8946230802,"16":3883.6646182499,"17":3981.1933593622,"18":4469.3006929994,"19":5446.9389407845,"20":5060.4340940917,"21":3745.1761387991,"22":2875.8591316938,"23":2451.6102036067}}