{"<function sarimax_model at 0x7f4378387a60>":{"0":2304.3738802332,"1":2084.1235329419,"2":2138.5232334532,"3":2229.1821196772,"4":2100.9932184563,"5":2167.8001505682,"6":2719.8068897173,"7":3998.6310517024,"8":4391.8885792655,"9":4215.030725472,"10":4196.1380991055,"11":4095.8901355024,"12":3885.0260543317,"13":3782.8218074321,"14":3500.2377524815,"15":3697.4773606881,"16":3881.058609728,"17":4009.1314502954,"18":4568.4765920437,"19":5592.6335822611,"20":5047.3699898287,"21":3747.2888559155,"22":2962.0711392041,"23":2560.5868375728}}