{"<function sarimax_model at 0x1c201a8378>":{"0":1665.0952614997,"1":1671.5896853835,"2":1915.4138193216,"3":2085.2341949236,"4":2162.5086850055,"5":1991.453430864,"6":2489.1233773227,"7":4869.1436097094,"8":6884.5156149453,"9":8287.040977302,"10":9019.0357608043,"11":9252.1829984042,"12":9152.5712525415,"13":9035.548834457,"14":8205.9091770756,"15":7446.3259301497,"16":7055.5681805807,"17":6890.7003960746,"18":6833.8566415702,"19":7793.2583526733,"20":8952.5520003227,"21":8908.4329518782,"22":7011.2592490998,"23":4660.6953844711}}