{"<function sarimax_model at 0x1c201a8378>":{"0":1664.2151099607,"1":1629.8776906468,"2":1769.1386751503,"3":1826.6520380275,"4":1819.0116578858,"5":1713.6530892105,"6":2782.9119069186,"7":5421.0185565584,"8":7543.7442785836,"9":9047.6962385371,"10":9838.3140978515,"11":10102.0080971759,"12":10016.2326697079,"13":9914.170639902,"14":9091.0281514586,"15":8316.9911203504,"16":7912.4429157353,"17":7745.9579672128,"18":7708.7561896207,"19":8699.0192840388,"20":9898.9556571192,"21":9896.7479795427,"22":8009.3307005977,"23":5652.1121241292}}