{"<function sarimax_model at 0x7f16ebc192f0>":{"0":2314.5651357686,"1":1974.4826396485,"2":1831.770411769,"3":1793.7722771127,"4":1789.3355687628,"5":1903.9706404729,"6":2402.3333333333,"7":3596.3545813668,"8":3902.5264936829,"9":3638.1639458837,"10":3480.7721412212,"11":3461.6666666667,"12":3530.1666666667,"13":3578.3333333333,"14":3319.1666666667,"15":3448.6666666667,"16":3626.1666666667,"17":3711.6666666667,"18":3833.6666666667,"19":4526.4767448098,"20":4293.3393687109,"21":2990.7805479979,"22":2314.1666666667,"23":2080.0}}