{"<function sarimax_model at 0x7f94d437dae8>":{"0":2282.2444622836,"1":1930.8753453046,"2":1810.0767746525,"3":1797.9318272902,"4":1822.0598978057,"5":1962.998551097,"6":2435.0646938798,"7":3703.2831511435,"8":4035.5866358464,"9":3815.8847987607,"10":3686.1358492882,"11":3461.6666666667,"12":3530.1666666667,"13":3578.3333333333,"14":3319.1666666667,"15":3448.6666666667,"16":3626.1666666667,"17":3711.6666666667,"18":3833.6666666667,"19":4781.3436857906,"20":4547.6798451969,"21":3250.15956495,"22":2498.9482314742,"23":2179.9733033051}}