{"<function sarimax_model at 0x1c201a8378>":{"0":1721.4053122719,"1":1711.64510825,"2":2195.1748894584,"3":3287.7261318264,"4":4673.8576113905,"5":6562.8801322396,"6":9882.8782192047,"7":13886.3854879984,"8":17240.7180742103,"9":20080.0250881692,"10":22010.1818352839,"11":23230.5495423932,"12":23961.4890939636,"13":24629.7421242201,"14":24496.2833364075,"15":24255.639191559,"16":24336.3193318475,"17":24661.2807839883,"18":25168.8428993692,"19":26661.2992851787,"20":28396.729524534,"21":28958.9008517615,"22":27457.001413205,"23":25418.1895494703}}