{"<function sarimax_model at 0x7f6626395950>":{"0":858.5,"1":791.3571428571,"2":797.6428571429,"3":820.7602189932,"4":871.2142857143,"5":1027.3348394382,"6":1701.5688092731,"7":3214.9963470947,"8":3794.4290858079,"9":3351.8546912906,"10":2692.1049798784,"11":2373.1286440145,"12":2316.1296971234,"13":2216.2368076399,"14":2014.0197675696,"15":2139.8571428571,"16":2269.4617302632,"17":2363.3525764074,"18":2201.2469065506,"19":2330.5419969069,"20":2232.5262043272,"21":1849.2070179739,"22":1207.7167868944,"23":875.8321745859}}