{"<function sarimax_model at 0x7f94d437dae8>":{"0":2288.9795490069,"1":1972.1493540422,"2":1868.7989067566,"3":1876.0829680952,"4":1900.3178997289,"5":2027.4465410291,"6":2481.3540498375,"7":3724.9604125178,"8":4035.6958264339,"9":3790.6652128561,"10":3649.4929696335,"11":3461.6666666667,"12":3530.1666666667,"13":3578.3333333333,"14":3319.1666666667,"15":3448.6666666667,"16":3626.1666666667,"17":3711.6666666667,"18":3833.6666666667,"19":4739.7319140329,"20":4505.2536344205,"21":3203.933566779,"22":2451.8725977138,"23":2134.4206287112}}