{"<function sarimax_model at 0x1c201a8378>":{"0":1665.6239184216,"1":1693.4274572616,"2":1973.8687409737,"3":2170.6785432574,"4":2263.293118954,"5":2079.1531602245,"6":2448.9104483155,"7":4764.7225891277,"8":6760.5099152108,"9":8146.1552144953,"10":8870.2918406183,"11":9100.846787295,"12":9001.5053870916,"13":8884.1592944598,"14":8055.7147796626,"15":7301.233565693,"16":6915.2285205174,"17":6752.5851056519,"18":6693.8303463514,"19":7648.8365075251,"20":8802.1687663657,"21":8752.2639293413,"22":6855.3693154031,"23":4508.6656274862}}